id,variable_afectada,descripcion_problema,registros_afectados,porcentaje,dimension_calidad,dimension_complementaria,nivel_impacto,evidencia
P01,precipitacion_mm,"Celdas vacias en la precipitacion diaria. Impide construir acumulados de lluvia y correlacionarlos con el nivel de los embalses, que es el eje de la primera pregunta secundaria del proyecto.",765,5.89%,Completitud,,Medio,"765 celdas sin dato (5.89%), contadas con df['precipitacion_mm'].str.strip()==''"
P02,temperatura_c,"Celdas vacias en la temperatura promedio diaria, atribuibles a fallas de captacion de la estacion meteorologica.",534,4.11%,Completitud,,Bajo,534 celdas sin dato (4.11%)
P03,irca,"Celdas vacias en el IRCA, que es la variable objetivo del analisis de calidad del agua. Sin IRCA el registro no puede clasificarse por nivel de riesgo ni usarse para comparar territorios.",405,3.12%,Completitud,,Alto,405 celdas sin dato (3.12%)
P04,sistema_abastecimiento,"El texto 'N/A' se almacena como si fuera una categoria valida. No corresponde a ningun sistema real: son los registros nacionales y globales ajenos a la red de la EAAB. Al contarlo, 'N/A' aparece como la categoria mas frecuente y distorsiona cualquier agrupacion por sistema.",5279,40.64%,Completitud,Consistencia,Medio,5279 registros (40.64%) con el literal 'N/A'; value_counts() lo devuelve como categoria dominante
P05,"departamento, latitud, longitud, nivel_servicio, decision_racionamiento, nivel_almacenamiento_pct, afluencias_m3s, consumo_m3s","Bloque de ocho variables vacias de forma simultanea en los mismos registros. Corresponden a las filas de tipo_region='Global', que describen paises y no tienen departamento, coordenadas municipales ni embalse asociado. Es una ausencia estructural del diseno, no un error de captura.",141,1.09%,Completitud,,Bajo,"141 registros (1.09%), cifra que coincide exactamente con los 141 registros de tipo_region='Global'"
P06,tipo_region,"Completitud de alcance insuficiente en el nivel global: representa apenas el 1% de los registros frente al 59% del nivel regional. La comparacion entre las tres escalas, que es una de las preguntas secundarias, se apoya en una base muy desigual y sesga cualquier modelo hacia el comportamiento de la Sabana de Bogota.",141,1.09%,Completitud,Representatividad,Medio,"Regional 7710 (59.36%), Nacional 5138 (39.56%), Global 141 (1.09%)"
P07,Registro completo (las 20 variables),"Filas identicas repetidas. Inflan artificialmente los conteos por municipio y por fecha, y sesgan todo promedio calculado sobre el conjunto.",63,0.49%,Unicidad,,Alto,df.duplicated().sum() = 63 (0.49%). Por la llave fecha+municipio+sistema: 63
P08,nivel_almacenamiento_pct,"Porcentajes de almacenamiento superiores al 100%, fisicamente imposibles: un embalse no puede contener mas que su capacidad total.",135,1.04%,Validez,,Alto,135 registros (1.04%) con valor > 100. Maximo observado: 129.8%
P09,irca,"Valores negativos del IRCA. El indice esta definido en la Resolucion 2115 de 2007 sobre la escala 0-100, de modo que un valor negativo no existe.",107,0.82%,Validez,,Alto,107 registros (0.82%) con irca < 0. Minimo observado: -4.95
P10,fecha,"Cuatro formatos de fecha conviviendo en la misma columna (YYYY-MM-DD, DD/MM/YYYY, MM-DD-YYYY y YYYY/MM/DD). Al convertir con pd.to_datetime se generan nulos, o peor, fechas mal interpretadas con el dia y el mes intercambiados, lo que desordena silenciosamente la serie temporal.",136,1.05%,Consistencia,,Alto,"136 registros (1.05%) incumplen el patron ^\d{4}-\d{2}-\d{2}$. Patrones detectados: {'9999/99/99': 49, '99/99/9999': 44, '99-99-9999': 43}"
P11,municipio,"Un mismo municipio aparece escrito de varias formas: en MAYUSCULAS, en minusculas, con espacios sobrantes al inicio o al final, y con la letra 'a' sustituida por '@'. Cada variante se cuenta como un municipio distinto, lo que fragmenta las agrupaciones territoriales e impide cruzar el dataset con cualquier otra fuente por nombre de municipio.",212,1.63%,Consistencia,Unicidad,Alto,"212 registros (1.63%) mal formateados. El dataset reporta 145 municipios unicos cuando en realidad existen 49. Ejemplos: 'CHIA', 'madrid', ' Sopo', 'M@drid'"
P12,irca / clasificacion_riesgo,La clasificacion de riesgo no corresponde al valor del IRCA segun los cortes de la Resolucion 2115 de 2007: la variable derivada contradice a la variable que la origina.,77,0.59%,Consistencia,Exactitud,Alto,77 registros (0.59%) donde la clasificacion recalculada difiere de la registrada. Ejemplo: irca = -4.38 etiquetado como 'Bajo riesgo (5-14)'
P13,clasificacion_riesgo,"Registros con clasificacion de riesgo pero sin el IRCA que la sustenta. La etiqueta existe sin el dato de origen, por lo que no es verificable ni reproducible.",265,2.04%,Consistencia,,Medio,265 registros (2.04%) con irca vacio y clasificacion_riesgo diligenciada
P14,municipio,"La columna mezcla dos niveles geograficos distintos: contiene municipios colombianos y tambien nombres de paises (Colombia, India, USA) en los registros de nivel global. Un mismo campo representa dos entidades diferentes, lo que impide unir la tabla consigo misma por territorio.",141,1.09%,Consistencia,,Medio,"141 registros (1.09%) de tipo_region='Global' donde 'municipio' almacena paises: ['Alemania', 'Argentina', 'Australia', 'Bolivia', 'Brasil', 'Chile']"
P15,cobertura_acueducto_pct,"La variable cambia de significado segun la fila: en los registros municipales es el porcentaje de cobertura de acueducto, y en los globales es el porcentaje de poblacion con acceso a agua potable segura (indicador ODS 6.1). Promediar la columna completa mezcla dos indicadores distintos.",141,1.09%,Consistencia,,Medio,141 registros globales con una definicion distinta a la de los 12848 registros municipales
P16,fecha (registros globales),Los registros globales son de periodicidad anual pero se les asigno la fecha ficticia 30 de junio para poder mezclarlos con los diarios. Esa fecha no corresponde a ninguna medicion real y no puede compararse contra las series diarias sin agregar primero.,141,1.09%,Consistencia,Granularidad,Medio,"141 registros globales concentrados en 8 fechas, una por ano"
P17,clasificacion_riesgo,Error ortografico en el nombre de la categoria: dice 'Inviabile sanitariamente' cuando la Resolucion 2115 de 2007 la define como 'Inviable sanitariamente'. Rompe la trazabilidad frente a la norma y el cruce por categoria con los datos del SIVICAP.,1073,8.26%,Exactitud,,Bajo,1073 registros (8.26%) con la categoria mal escrita
P18,irca,Valores atipicos detectados por el criterio del rango intercuartilico. Corresponden a municipios con IRCA muy alto que pueden ser casos reales de inviabilidad sanitaria o errores de digitacion; deben verificarse contra la fuente antes de descartarlos.,740,5.7%,Exactitud,,Medio,"740 registros (5.7%) fuera del rango [-17.97, 42.92], calculado como Q1-1.5*IQR y Q3+1.5*IQR"
P19,cobertura_acueducto_pct,"Valores atipicos de cobertura muy baja frente al resto del pais, concentrados en municipios apartados. Pueden ser reales, pero desvirtuan el promedio nacional si no se tratan de forma diferenciada.",362,2.79%,Exactitud,,Bajo,"362 registros (2.79%) fuera del rango [59.4, 117.8]. Minimo observado: 31.3%"
P20,temperatura_c,"Valores atipicos de temperatura respecto a la distribucion general, explicados por mezclar en una sola columna ciudades de clima frio (Bogota, Tunja) y calido (Leticia, Barranquilla) sin control por piso termico.",149,1.15%,Exactitud,,Bajo,"149 registros (1.15%) fuera del rango [2.35, 31.55]. Rango observado: 8.1C a 38.0C"
P21,fecha (conjunto completo),"El conjunto de datos esta desactualizado: la ultima observacion es del 2025-12-31 y el analisis se realiza el 2026-09-09, un rezago de 252 dias (8.3 meses). Para un proyecto cuyo proposito declarado es anticipar periodos de riesgo de desabastecimiento, un dato con ese rezago no permite emitir alertas operativas: describe una situacion que ya paso.",12424,95.65%,Actualidad,,Alto,max(fecha) = 2025-12-31; fecha de analisis = 2026-09-09; desfase = 252 dias. 12424 registros (95.65%) quedan fuera de la ventana de vigencia de 12 meses
P22,fecha (registros globales),"El nivel global es el mas rezagado de las tres escalas: su ultima observacion es del 2025-06-30, con 436 dias de desfase. La comparacion entre escalas termina contrastando periodos distintos.",141,1.09%,Actualidad,,Medio,"max(fecha) del nivel global = 2025-06-30, frente a 2025-12-31 del conjunto completo: 184 dias adicionales de rezago"
P23,Metadato ausente en el dataset,"El dataset no incluye ninguna variable que registre cuando fue capturado o actualizado cada dato (fecha_carga, fecha_actualizacion o version de la fuente). Sin ese metadato la vigencia solo puede inferirse de la fecha del evento, y es imposible auditar si una fuente dejo de actualizarse.",12989,100.0%,Actualidad,,Medio,"Ninguna de las 20 columnas registra fecha de captura o de actualizacion: ['fecha', 'anio', 'mes', 'periodo', 'sistema_abastecimiento', 'nivel_almacenamiento_pct', 'afluencias_m3s', 'precipitacion_mm', 'temperatura_c', 'consumo_m3s', 'irca', 'clasificacion_riesgo', 'municipio', 'departamento', 'latitud', 'longitud', 'cobertura_acueducto_pct', 'nivel_servicio', 'tipo_region', 'decision_racionamiento']"
